,movie_name,production_year,production_budget,revenue,profit,genre,rating,sequel,creative_type,source
0,Madea's Family Reunion,2006,10000000,63320521,53320521,Comedy,PG-13,1.0,Contemporary Fiction,Based on Play
3,A Prairie Home Companion,2006,10000000,26716191,16716191,Comedy,PG-13,0.0,Contemporary Fiction,Original Screenplay
5,Employee of the Month,2006,10000000,38364855,28364855,Comedy,PG-13,0.0,Contemporary Fiction,Original Screenplay
10,Jackass: Number Two,2006,11000000,85278712,74278712,Comedy,R,1.0,Factual,Based on TV
12,For Your Consideration,2006,12000000,5549923,-6450077,Comedy,PG-13,0.0,Contemporary Fiction,Original Screenplay
15,Running With Scissors,2006,12000000,8706701,-3293299,Comedy,R,0.0,Dramatization,Based on Fiction Book/Short Story
38,Larry the Cable Guy: Health Inspector,2006,17000000,15680099,-1319901,Comedy,PG-13,0.0,Contemporary Fiction,Original Screenplay
39,ATL,2006,17000000,21170563,4170563,Comedy,PG-13,0.0,Contemporary Fiction,Original Screenplay
41,Beerfest,2006,17500000,20159316,2659316,Comedy,R,0.0,Contemporary Fiction,Original Screenplay
43,Borat,2006,18000000,261443242,243443242,Comedy,R,0.0,Contemporary Fiction,Based on TV
51,School for Scoundrels,2006,20000000,17807569,-2192431,Comedy,PG-13,0.0,Contemporary Fiction,Remake
52,Date Movie,2006,20000000,85146165,65146165,Comedy,PG-13,0.0,Contemporary Fiction,Original Screenplay
54,Stick It,2006,20000000,30399714,10399714,Comedy,PG-13,0.0,Contemporary Fiction,Original Screenplay
55,Man of the Year,2006,20000000,41342180,21342180,Comedy,PG-13,0.0,Contemporary Fiction,Original Screenplay
73,Stranger Than Fiction,2006,30000000,53572822,23572822,Comedy,PG-13,0.0,Contemporary Fiction,Original Screenplay
75,My Super Ex-Girlfriend,2006,30000000,60772856,30772856,Comedy,PG-13,0.0,Super Hero,Original Screenplay
79,Nacho Libre,2006,32000000,99296462,67296462,Comedy,PG,0.0,Contemporary Fiction,Original Screenplay
86,The Benchwarmers,2006,35000000,65063726,30063726,Comedy,PG-13,0.0,Contemporary Fiction,Original Screenplay
87,The Devil Wears Prada,2006,35000000,326073155,291073155,Comedy,PG-13,0.0,Contemporary Fiction,Based on Fiction Book/Short Story
91,Big Momma's House 2,2006,40000000,137047376,97047376,Comedy,PG-13,1.0,Contemporary Fiction,Original Screenplay
95,Scary Movie 4,2006,40000000,178710620,138710620,Comedy,PG-13,1.0,Contemporary Fiction,Original Screenplay
100,Les Bronzés 3: amis pour la vie,2006,42000000,83833602,41833602,Comedy,,1.0,Contemporary Fiction,
104,Last Holiday,2006,45000000,43343247,-1656753,Comedy,PG-13,0.0,Contemporary Fiction,Remake
112,Deck the Halls,2006,51000000,46815807,-4184193,Comedy,PG,0.0,Contemporary Fiction,Original Screenplay
116,"You, Me and Dupree",2006,54000000,130402010,76402010,Comedy,PG-13,0.0,Contemporary Fiction,Original Screenplay
120,The Shaggy Dog,2006,60000000,87123569,27123569,Comedy,PG,0.0,Fantasy,Remake
125,Little Man,2006,64000000,101636047,37636047,Comedy,PG-13,0.0,Contemporary Fiction,Original Screenplay
130,Talladega Nights: The Ballad of Ricky Bobby,2006,73000000,162870525,89870525,Comedy,PG-13,0.0,Contemporary Fiction,Original Screenplay
140,Click,2006,82500000,237685089,155185089,Comedy,PG-13,0.0,Fantasy,Original Screenplay
162,The Brothers Solomon,2007,10000000,900926,-9099074,Comedy,R,0.0,Contemporary Fiction,Original Screenplay
163,Severance,2007,10000000,5950002,-4049998,Comedy,R,0.0,Contemporary Fiction,Original Screenplay
165,Reno 911!: Miami,2007,10000000,21851362,11851362,Comedy,R,0.0,Contemporary Fiction,Based on TV
167,Blonde Ambition,2007,10000000,1537479,-8462521,Comedy,PG-13,0.0,Contemporary Fiction,Remake
170,In the Land of Women,2007,10500000,14140402,3640402,Comedy,PG-13,0.0,Contemporary Fiction,Original Screenplay
172,Romance and Cigarettes,2007,11000000,3231251,-7768749,Comedy,R,0.0,Contemporary Fiction,Original Screenplay
173,St. Trinian’s,2007,11400000,29830239,18430239,Comedy,PG-13,0.0,Contemporary Fiction,Remake
177,Lars and the Real Girl,2007,12500000,11277119,-1222881,Comedy,PG-13,0.0,Contemporary Fiction,Original Screenplay
199,Hot Fuzz,2007,16000000,81742618,65742618,Comedy,R,0.0,Contemporary Fiction,Original Screenplay
203,Sydney White,2007,16500000,13636339,-2863661,Comedy,PG-13,0.0,Contemporary Fiction,Based on Folk Tale/Legend/Fairytale
204,Smokin' Aces,2007,17000000,57263440,40263440,Comedy,R,0.0,Contemporary Fiction,Original Screenplay
207,Superbad,2007,17500000,169955142,152455142,Comedy,R,0.0,Contemporary Fiction,Original Screenplay
209,Code Name: The Cleaner,2007,20000000,8135024,-11864976,Comedy,PG-13,0.0,Contemporary Fiction,Original Screenplay
219,Epic Movie,2007,20000000,86858578,66858578,Comedy,PG-13,0.0,Contemporary Fiction,Original Screenplay
221,Death at a Funeral,2007,20000000,46790428,26790428,Comedy,R,0.0,Contemporary Fiction,Original Screenplay
224,Molière,2007,21600000,791154,-20808846,Comedy,PG-13,0.0,Dramatization,
225,The Game Plan,2007,22000000,146590987,124590987,Comedy,PG,0.0,Contemporary Fiction,Original Screenplay
234,Hot Rod,2007,25000000,14334401,-10665599,Comedy,PG-13,0.0,Contemporary Fiction,Original Screenplay
258,Walk Hard: The Dewey Cox Story,2007,35000000,20606053,-14393947,Comedy,R,0.0,Historical Fiction,Original Screenplay
261,Because I Said So,2007,39000000,69538833,30538833,Comedy,PG-13,0.0,Contemporary Fiction,Original Screenplay
270,The Bucket List,2007,45000000,174807445,129807445,Comedy,PG-13,0.0,Contemporary Fiction,Original Screenplay
280,Wild Hogs,2007,60000000,253555383,193555383,Comedy,PG-13,0.0,Contemporary Fiction,Original Screenplay
283,Blades of Glory,2007,61000000,145594548,84594548,Comedy,PG-13,0.0,Contemporary Fiction,Original Screenplay
295,I Now Pronounce You Chuck and Larry,2007,85000000,185708462,100708462,Comedy,PG-13,0.0,Contemporary Fiction,Original Screenplay
309,Evan Almighty,2007,175000000,174131329,-868671,Comedy,PG,1.0,Fantasy,Original Screenplay
317,Over Her Dead Body,2008,10000000,21596074,11596074,Comedy,PG-13,0.0,Fantasy,Original Screenplay
321,"Run, Fatboy, Run",2008,10000000,33512260,23512260,Comedy,PG-13,0.0,Contemporary Fiction,Original Screenplay
330,Charlie Bartlett,2008,12000000,5295909,-6704091,Comedy,R,0.0,Contemporary Fiction,Original Screenplay
334,Harold & Kumar Escape from Guantanamo Bay,2008,12000000,43353117,31353117,Comedy,R,1.0,Contemporary Fiction,Original Screenplay
337,Ca$h,2008,13700000,11738256,-1961744,Comedy,,0.0,Contemporary Fiction,Original Screenplay
345,In Bruges,2008,15000000,34533783,19533783,Comedy,R,0.0,Contemporary Fiction,Original Screenplay
346,The Rocker,2008,15000000,8767338,-6232662,Comedy,PG-13,0.0,Contemporary Fiction,Original Screenplay
350,Bienvenue chez les Ch'tis,2008,16000000,247474497,231474497,Comedy,Not Rated,0.0,Contemporary Fiction,Original Screenplay
351,Vicky Cristina Barcelona,2008,16000000,104504817,88504817,Comedy,PG-13,0.0,Contemporary Fiction,Original Screenplay
352,The Women,2008,16000000,50103808,34103808,Comedy,PG-13,0.0,Contemporary Fiction,Original Screenplay
361,Sex Drive,2008,19000000,10412485,-8587515,Comedy,R,0.0,Contemporary Fiction,Based on Fiction Book/Short Story
368,An American Carol,2008,20000000,7022183,-12977817,Comedy,PG-13,0.0,Fantasy,Original Screenplay
369,Strange Wilderness,2008,20000000,6947084,-13052916,Comedy,R,0.0,Contemporary Fiction,Original Screenplay
372,Meet the Browns,2008,20000000,41975388,21975388,Comedy,PG-13,0.0,Contemporary Fiction,Based on Play
375,Be Kind Rewind,2008,20000000,30894247,10894247,Comedy,PG-13,0.0,Contemporary Fiction,Original Screenplay
376,Disaster Movie,2008,20000000,36720752,16720752,Comedy,PG-13,0.0,Contemporary Fiction,Original Screenplay
381,My Best Friend's Girl,2008,20000000,34787111,14787111,Comedy,R,0.0,Contemporary Fiction,Original Screenplay
386,Swing Vote,2008,21000000,17589867,-3410133,Comedy,PG-13,0.0,Contemporary Fiction,Original Screenplay
388,Mad Money,2008,22000000,25044057,3044057,Comedy,PG-13,0.0,Contemporary Fiction,Remake
393,Zack and Miri Make a Porno,2008,24000000,36856306,12856306,Comedy,R,0.0,Contemporary Fiction,Original Screenplay
398,The House Bunny,2008,25000000,71390601,46390601,Comedy,PG-13,0.0,Contemporary Fiction,Original Screenplay
403,Pineapple Express,2008,26000000,102404019,76404019,Comedy,R,0.0,Contemporary Fiction,Original Screenplay
404,What Just Happened,2008,27000000,2412123,-24587877,Comedy,R,0.0,Contemporary Fiction,Based on Fiction Book/Short Story
407,Welcome Home Roscoe Jenkins,2008,27500000,43607627,16107627,Comedy,PG-13,0.0,Contemporary Fiction,Original Screenplay
408,Role Models,2008,28000000,94500826,66500826,Comedy,R,0.0,Contemporary Fiction,Original Screenplay
409,How to Lose Friends & Alienate People,2008,28000000,12031443,-15968557,Comedy,R,0.0,Contemporary Fiction,Based on Fiction Book/Short Story
412,Forgetting Sarah Marshall,2008,30000000,105173042,75173042,Comedy,R,0.0,Contemporary Fiction,Original Screenplay
413,Meet the Spartans,2008,30000000,84646831,54646831,Comedy,PG-13,0.0,Historical Fiction,Original Screenplay
415,Baby Mama,2008,30000000,64170447,34170447,Comedy,PG-13,0.0,Contemporary Fiction,Original Screenplay
424,Superhero Movie,2008,35000000,73026302,38026302,Comedy,PG-13,0.0,Super Hero,Original Screenplay
438,Drillbit Taylor,2008,40000000,49686263,9686263,Comedy,PG-13,0.0,Contemporary Fiction,Original Screenplay
439,Soul Men,2008,40000000,12345883,-27654117,Comedy,R,0.0,Contemporary Fiction,Original Screenplay
449,Yes Man,2008,50000000,225990976,175990976,Comedy,PG-13,0.0,Contemporary Fiction,Based on Fiction Book/Short Story
452,Semi-Pro,2008,55000000,43980363,-11019637,Comedy,R,0.0,Historical Fiction,Original Screenplay
455,Sex and the City,2008,57500000,415247258,357747258,Comedy,R,0.0,Contemporary Fiction,Based on TV
459,Marley & Me,2008,60000000,247812011,187812011,Comedy,PG,0.0,Dramatization,Based on Fiction Book/Short Story
465,The Love Guru,2008,62000000,40159017,-21840983,Comedy,PG-13,0.0,Contemporary Fiction,Original Screenplay
466,Step Brothers,2008,65000000,128468793,63468793,Comedy,R,0.0,Contemporary Fiction,Original Screenplay
473,Get Smart,2008,80000000,226739416,146739416,Comedy,PG-13,0.0,Contemporary Fiction,Based on TV
475,Four Christmases,2008,80000000,168311558,88311558,Comedy,PG-13,0.0,Contemporary Fiction,Original Screenplay
480,You Don't Mess With the Zohan,2008,90000000,202910991,112910991,Comedy,PG-13,0.0,Contemporary Fiction,Original Screenplay
481,Tropic Thunder,2008,90000000,191145256,101145256,Comedy,R,0.0,Contemporary Fiction,Original Screenplay
502,Motherhood,2009,10000000,723388,-9276612,Comedy,PG-13,0.0,Contemporary Fiction,Original Screenplay
504,Janky Promoters,2009,10000000,9069,-9990931,Comedy,R,0.0,Contemporary Fiction,Original Screenplay
505,High School,2009,10000000,248133,-9751867,Comedy,R,0.0,Contemporary Fiction,Original Screenplay
507,"The Goods: Live Hard, Sell Hard",2009,10000000,15297318,5297318,Comedy,R,0.0,Contemporary Fiction,Original Screenplay
526,Stan Helsing: A Parody,2009,14000000,1553556,-12446444,Comedy,R,0.0,Contemporary Fiction,Original Screenplay
532,Whip It,2009,15000000,18889972,3889972,Comedy,PG-13,0.0,Contemporary Fiction,Based on Fiction Book/Short Story
545,Madea Goes To Jail,2009,17500000,90508336,73008336,Comedy,PG-13,0.0,Contemporary Fiction,Based on Play
550,"I Love You, Beth Cooper",2009,18000000,16382538,-1617462,Comedy,PG-13,0.0,Contemporary Fiction,Based on Fiction Book/Short Story
551,Observe and Report,2009,18000000,27148898,9148898,Comedy,R,0.0,Contemporary Fiction,Original Screenplay
553,The Invention of Lying,2009,18500000,32679264,14179264,Comedy,PG-13,0.0,Fantasy,Original Screenplay
556,I Can Do Bad All By Myself,2009,19000000,51733921,32733921,Comedy,PG-13,0.0,Contemporary Fiction,Based on Play
560,Bandslam,2009,20000000,12967829,-7032171,Comedy,PG,0.0,Contemporary Fiction,Original Screenplay
567,Fired Up,2009,20000000,18608570,-1391430,Comedy,PG-13,0.0,Contemporary Fiction,Original Screenplay
571,Away We Go,2009,21000000,10108016,-10891984,Comedy,R,0.0,Contemporary Fiction,Original Screenplay
576,Zombieland,2009,23600000,102236596,78636596,Comedy,R,0.0,Contemporary Fiction,Original Screenplay
586,Dance Flick,2009,25000000,32224624,7224624,Comedy,PG-13,0.0,Contemporary Fiction,Original Screenplay
593,Bride Wars,2009,30000000,115150424,85150424,Comedy,PG,0.0,Contemporary Fiction,Original Screenplay
609,Old Dogs,2009,35000000,95104304,60104304,Comedy,PG,0.0,Contemporary Fiction,Original Screenplay
610,The Hangover,2009,35000000,465764086,430764086,Comedy,R,0.0,Contemporary Fiction,Original Screenplay
614,Hot Tub Time Machine,2009,36000000,65967750,29967750,Comedy,R,0.0,Science Fiction,Original Screenplay
623,Julie & Julia,2009,40000000,126646119,86646119,Comedy,PG-13,0.0,Contemporary Fiction,Based on Fiction Book/Short Story
624,"I Love You, Man",2009,40000000,92302502,52302502,Comedy,R,0.0,Contemporary Fiction,Original Screenplay
625,17 Again,2009,40000000,139474906,99474906,Comedy,PG-13,0.0,Fantasy,Original Screenplay
630,Brüno,2009,42000000,138708527,96708527,Comedy,R,0.0,Contemporary Fiction,Based on TV
631,Micmacs,2009,42000000,11756922,-30243078,Comedy,R,0.0,Contemporary Fiction,
639,The Boat That Rocked,2009,50000000,37472651,-12527349,Comedy,R,0.0,Historical Fiction,Original Screenplay
652,Year One,2009,60000000,57604723,-2395277,Comedy,PG-13,0.0,Historical Fiction,Original Screenplay
657,Couples Retreat,2009,60000000,172450423,112450423,Comedy,PG-13,0.0,Contemporary Fiction,Original Screenplay
665,Funny People,2009,72500000,71880305,-619695,Comedy,R,0.0,Contemporary Fiction,Original Screenplay
676,Land of the Lost,2009,100000000,69548641,-30451359,Comedy,PG-13,0.0,Fantasy,Based on TV
698,Cedar Rapids,2010,10000000,7862131,-2137869,Comedy,R,0.0,Contemporary Fiction,Original Screenplay
700,MacGruber,2010,10000000,8629895,-1370105,Comedy,R,0.0,,Based on TV
701,"Jeff, Who Lives at Home",2010,10000000,4708127,-5291873,Comedy,R,0.0,Contemporary Fiction,Original Screenplay
703,Bucky Larson: Born to Be a Star,2010,10000000,2529395,-7470605,Comedy,R,0.0,Contemporary Fiction,Original Screenplay
706,It's a Wonderful Afterlife,2010,10000000,1642939,-8357061,Comedy,PG-13,0.0,Contemporary Fiction,Original Screenplay
713,Darling Companion,2010,12000000,1200346,-10799654,Comedy,PG-13,0.0,Contemporary Fiction,Original Screenplay
724,"I Love You, Phillip Morris",2010,13000000,23014027,10014027,Comedy,R,0.0,Contemporary Fiction,Based on Real Life Events
725,The Last Godfather,2010,13400000,164247,-13235753,Comedy,PG-13,0.0,Historical Fiction,Original Screenplay
727,Our Family Wedding,2010,14000000,21410546,7410546,Comedy,PG-13,0.0,Contemporary Fiction,Original Screenplay
741,Lottery Ticket,2010,17000000,24719879,7719879,Comedy,PG-13,0.0,Contemporary Fiction,Original Screenplay
743,Youth in Revolt,2010,18000000,19685588,1685588,Comedy,R,0.0,Contemporary Fiction,Based on Fiction Book/Short Story
751,Take Me Home Tonight,2010,19000000,7576604,-11423396,Comedy,R,0.0,Historical Fiction,Original Screenplay
753,Jackass 3D,2010,20000000,171685793,151685793,Comedy,R,1.0,Factual,Based on TV
755,Vampires Suck,2010,20000000,81424988,61424988,Comedy,PG-13,0.0,Contemporary Fiction,Original Screenplay
761,Middle Men,2010,20000000,754301,-19245699,Comedy,R,0.0,Historical Fiction,Original Screenplay
765,You Again,2010,20000000,32838945,12838945,Comedy,PG,0.0,Contemporary Fiction,Original Screenplay
768,A Very Harold & Kumar 3D Christmas,2010,20000000,36265745,16265745,Comedy,R,1.0,Fantasy,Original Screenplay
771,The Beaver,2010,21000000,5046038,-15953962,Comedy,PG-13,0.0,Contemporary Fiction,Original Screenplay
772,Death at a Funeral,2010,21000000,48977233,27977233,Comedy,R,0.0,Contemporary Fiction,Remake
811,"Big Mommas: Like Father, Like Son",2010,32000000,82332450,50332450,Comedy,PG-13,1.0,Contemporary Fiction,Original Screenplay
813,Wanderlust,2010,32500000,24159934,-8340066,Comedy,R,0.0,Contemporary Fiction,Original Screenplay
824,Horrible Bosses,2010,35000000,212417601,177417601,Comedy,R,0.0,Contemporary Fiction,Original Screenplay
825,Gnomeo and Juliet,2010,36000000,193737977,157737977,Comedy,G,0.0,Fantasy,Based on Play
826,Cop Out,2010,37000000,55909910,18909910,Comedy,R,0.0,Contemporary Fiction,Original Screenplay
832,Morning Glory,2010,40000000,59795070,19795070,Comedy,PG-13,0.0,Contemporary Fiction,Original Screenplay
834,Get Him to the Greek,2010,40000000,91455875,51455875,Comedy,R,0.0,Contemporary Fiction,Spin-Off
835,Arthur,2010,40000000,47787943,7787943,Comedy,PG-13,0.0,Contemporary Fiction,Remake
838,Paul,2010,40000000,101162106,61162106,Comedy,R,0.0,Science Fiction,Original Screenplay
841,The Big Year,2010,41000000,7684524,-33315476,Comedy,PG,0.0,Contemporary Fiction,Based on Factual Book/Article
855,Your Highness,2010,50000000,26121638,-23878362,Comedy,R,0.0,Fantasy,Original Screenplay
861,"Crazy, Stupid, Love",2010,50000000,147142328,97142328,Comedy,PG-13,0.0,Contemporary Fiction,Original Screenplay
864,Date Night,2010,55000000,152269033,97269033,Comedy,PG-13,0.0,Contemporary Fiction,Original Screenplay
874,Due Date,2010,65000000,211739043,146739043,Comedy,R,0.0,Contemporary Fiction,Original Screenplay
875,Hall Pass,2010,68000000,87173475,19173475,Comedy,R,0.0,Contemporary Fiction,Original Screenplay
877,Dinner for Schmucks,2010,69000000,86796502,17796502,Comedy,PG-13,0.0,Contemporary Fiction,Remake
881,The Dilemma,2010,70000000,70546865,546865,Comedy,PG-13,0.0,Contemporary Fiction,Original Screenplay
882,Grown Ups,2010,75000000,272223430,197223430,Comedy,PG-13,0.0,Contemporary Fiction,Original Screenplay
889,Scott Pilgrim vs. The World,2010,85000000,48056764,-36943236,Comedy,PG-13,0.0,Contemporary Fiction,Based on Comic/Graphic Novel
893,Sex and the City 2,2010,95000000,294680778,199680778,Comedy,R,1.0,Contemporary Fiction,Based on TV
897,Little Fockers,2010,100000000,310650574,210650574,Comedy,PG-13,1.0,Contemporary Fiction,Original Screenplay
899,The Other Guys,2010,100000000,170936470,70936470,Comedy,PG-13,0.0,Contemporary Fiction,Original Screenplay
927,Movie 43,2011,10000000,31164747,21164747,Comedy,R,0.0,Multiple Creative Types,Compilation
929,The Best Exotic Marigold Hotel,2011,10000000,134639780,124639780,Comedy,PG-13,0.0,Contemporary Fiction,Based on Fiction Book/Short Story
930,Seeking a Friend for the End of the World,2011,10000000,11766959,1766959,Comedy,R,0.0,Science Fiction,Original Screenplay
931,Les Intouchables,2011,10800000,484873045,474073045,Comedy,R,0.0,Contemporary Fiction,Original Screenplay
932,LOL,2011,11000000,10431506,-568494,Comedy,PG-13,0.0,Contemporary Fiction,Remake
933,Quartet,2011,11000000,56178935,45178935,Comedy,PG-13,0.0,Contemporary Fiction,Based on Play
934,Project X,2011,12000000,103028188,91028188,Comedy,R,0.0,Contemporary Fiction,Original Screenplay
936,Young Adult,2011,12000000,22750356,10750356,Comedy,R,0.0,Contemporary Fiction,Original Screenplay
952,A Few Best Men,2011,15000000,17224539,2224539,Comedy,Not Rated,0.0,Contemporary Fiction,Original Screenplay
964,Bad Teacher,2011,19000000,215448997,196448997,Comedy,R,0.0,Contemporary Fiction,Original Screenplay
969,Scary Movie V,2011,20000000,78613981,58613981,Comedy,PG-13,1.0,Fantasy,Original Screenplay
973,I Don't Know How She Does It,2011,24000000,24474463,474463,Comedy,PG-13,0.0,Contemporary Fiction,Based on Fiction Book/Short Story
974,Ride Along,2011,25000000,153733800,128733800,Comedy,PG-13,0.0,Contemporary Fiction,Original Screenplay
979,The Sitter,2011,25000000,38749404,13749404,Comedy,R,0.0,Contemporary Fiction,Original Screenplay
983,Les petits mouchoirs,2011,25000000,48530887,23530887,Comedy,Not Rated,0.0,Contemporary Fiction,Original Screenplay
990,30 Minutes or Less,2011,28000000,40966716,12966716,Comedy,R,0.0,Contemporary Fiction,Original Screenplay
999,Bridesmaids,2011,32500000,289632023,257132023,Comedy,R,0.0,Contemporary Fiction,Original Screenplay
1005,This is 40,2011,35000000,90221182,55221182,Comedy,R,0.0,Contemporary Fiction,Spin-Off
1016,A Thousand Words,2011,40000000,20790486,-19209514,Comedy,PG-13,0.0,Contemporary Fiction,Original Screenplay
1020,The Guilt Trip,2011,40000000,41294674,1294674,Comedy,PG-13,0.0,Contemporary Fiction,Original Screenplay
1024,One for the Money,2011,42000000,36197221,-5802779,Comedy,PG-13,0.0,Contemporary Fiction,Based on Fiction Book/Short Story
1026,Here Comes the Boom,2011,42000000,73239258,31239258,Comedy,PG,0.0,Contemporary Fiction,Original Screenplay
1027,21 Jump Street,2011,42000000,202812429,160812429,Comedy,R,0.0,Contemporary Fiction,Based on TV
1032,Anchorman 2: The Legend Continues,2011,50000000,172185754,122185754,Comedy,PG-13,1.0,Historical Fiction,Original Screenplay
1036,The Change-Up,2011,52000000,75997067,23997067,Comedy,R,0.0,Contemporary Fiction,Original Screenplay
1039,The Watch,2011,55000000,67130045,12130045,Comedy,R,0.0,Contemporary Fiction,Original Screenplay
1041,That's My Boy,2011,57500000,58085235,585235,Comedy,R,0.0,Contemporary Fiction,Original Screenplay
1048,The Dictator,2011,65000000,180148897,115148897,Comedy,R,0.0,Contemporary Fiction,Original Screenplay
1058,Jack and Jill,2011,79000000,150519217,71519217,Comedy,PG,0.0,Contemporary Fiction,Original Screenplay
1061,The Hangover Part II,2011,80000000,586464305,506464305,Comedy,R,1.0,Contemporary Fiction,Original Screenplay
1064,Tower Heist,2011,85000000,150422946,65422946,Comedy,PG-13,0.0,Contemporary Fiction,Original Screenplay
1071,The Campaign,2011,95000000,104907746,9907746,Comedy,R,0.0,Contemporary Fiction,Original Screenplay
1124,Seven Psychopaths,2012,13500000,33035736,19535736,Comedy,R,0.0,Contemporary Fiction,Original Screenplay
1125,Fun Size ,2012,14000000,11166615,-2833385,Comedy,PG-13,0.0,Contemporary Fiction,Original Screenplay
1133,Pitch Perfect,2012,17000000,116044347,99044347,Comedy,PG-13,0.0,Contemporary Fiction,Based on Factual Book/Article
1141,Tyler Perry's Madea's Witness Protection,2012,20000000,66950887,46950887,Comedy,PG-13,1.0,Contemporary Fiction,Original Screenplay
1145,Hit & Run,2012,22000000,17216955,-4783045,Comedy,R,0.0,Contemporary Fiction,Original Screenplay
1156,The Incredible Burt Wonderstone,2012,32000000,27392609,-4607391,Comedy,PG-13,0.0,Contemporary Fiction,Original Screenplay
1169,American Reunion,2012,50000000,236799211,186799211,Comedy,R,1.0,Contemporary Fiction,Original Screenplay
1181,Grown Ups 2,2012,80000000,247023808,167023808,Comedy,PG-13,1.0,Contemporary Fiction,Original Screenplay
1211,Hross i oss,2013,10000000,11894,-9988106,Comedy,Not Rated,0.0,Contemporary Fiction,Original Screenplay
1215,Bad Words,2013,10000000,7843145,-2156855,Comedy,R,0.0,Contemporary Fiction,Original Screenplay
1224,21 and Over,2013,13000000,42195766,29195766,Comedy,R,0.0,Contemporary Fiction,Original Screenplay
1228,Hot Tub Time Machine 2,2013,14000000,12826644,-1173356,Comedy,R,1.0,Science Fiction,Original Screenplay
1230,Jackass Presents: Bad Grandpa,2013,15000000,160903019,145903019,Comedy,R,0.0,Factual,Based on Real Life Events
1234,The Best Man Holiday,2013,17000000,72835710,55835710,Comedy,R,1.0,Contemporary Fiction,Original Screenplay
1236,Blue Jasmine,2013,18000000,102912961,84912961,Comedy,PG-13,0.0,Contemporary Fiction,Original Screenplay
1240,Neighbors,2013,18000000,270944428,252944428,Comedy,R,0.0,Contemporary Fiction,Original Screenplay
1244,The World's End,2013,20000000,47508505,27508505,Comedy,R,0.0,Science Fiction,Original Screenplay
1248,This is Where I Leave You,2013,20000000,41296320,21296320,Comedy,R,0.0,Contemporary Fiction,Based on Fiction Book/Short Story
1251,Delivery Man,2013,22000000,70536870,48536870,Comedy,PG-13,0.0,Contemporary Fiction,Remake
1261,Tyler Perry's A Madea Christmas,2013,25000000,52543354,27543354,Comedy,PG-13,0.0,Contemporary Fiction,Based on Play
1265,Last Vegas,2013,28000000,112914167,84914167,Comedy,PG-13,0.0,Contemporary Fiction,Original Screenplay
1275,The Grand Budapest Hotel,2013,31000000,163981261,132981261,Comedy,R,0.0,Historical Fiction,Original Screenplay
1276,This is the End,2013,32000000,126539117,94539117,Comedy,R,0.0,Science Fiction,Based on Short Film
1278,Identity Thief,2013,35000000,175361578,140361578,Comedy,R,0.0,Contemporary Fiction,Original Screenplay
1281,We're the Millers,2013,37000000,267816276,230816276,Comedy,R,0.0,Contemporary Fiction,Original Screenplay
1285,Grudge Match,2013,40000000,69807260,29807260,Comedy,PG-13,0.0,Contemporary Fiction,Original Screenplay
1289,The Heat,2013,43000000,229727774,186727774,Comedy,R,0.0,Contemporary Fiction,Original Screenplay
1296,The Internship,2013,58000000,93672764,35672764,Comedy,PG-13,0.0,Contemporary Fiction,Original Screenplay
1314,The Hangover 3,2013,103000000,362000072,259000072,Comedy,R,1.0,Contemporary Fiction,Original Screenplay
1334,Danny Collins,2014,10000000,8465845,-1534155,Comedy,R,0.0,Contemporary Fiction,Original Screenplay
1340,Elsa & Fred,2014,10000000,197901,-9802099,Comedy,PG-13,0.0,Contemporary Fiction,Original Screenplay
1341,While We're Young,2014,10000000,17503828,7503828,Comedy,R,0.0,Contemporary Fiction,Original Screenplay
1343,Barbecue,2014,10000000,247565,-9752435,Comedy,Not Rated,0.0,Contemporary Fiction,Original Screenplay
1344,La famille Bélier,2014,11000000,82438670,71438670,Comedy,Not Rated,0.0,Contemporary Fiction,Original Screenplay
1350,Top Five,2014,12000000,26001741,14001741,Comedy,R,0.0,Contemporary Fiction,Original Screenplay
1353,St. Vincent,2014,13000000,54837234,41837234,Comedy,PG-13,0.0,Contemporary Fiction,Original Screenplay
1365,"Men, Women and Children",2014,16000000,1685403,-14314597,Comedy,R,0.0,Contemporary Fiction,Original Screenplay
1368,Let’s Be Cops,2014,17000000,136890774,119890774,Comedy,R,0.0,Contemporary Fiction,Original Screenplay
1372,And So It Goes,2014,18000000,17920013,-79987,Comedy,PG-13,0.0,Contemporary Fiction,Original Screenplay
1375,Tammy,2014,20000000,96407655,76407655,Comedy,R,0.0,Contemporary Fiction,Original Screenplay
1379,Burnt,2014,20000000,36773510,16773510,Comedy,R,0.0,Contemporary Fiction,Original Screenplay
1385,The Wedding Ringer,2014,23000000,80171596,57171596,Comedy,R,0.0,Contemporary Fiction,Original Screenplay
1393,Accidental Love,2014,26000000,135436,-25864564,Comedy,PG-13,0.0,Contemporary Fiction,Original Screenplay
1398,Pitch Perfect 2,2014,29000000,287625468,258625468,Comedy,PG-13,1.0,Contemporary Fiction,Based on Factual Book/Article
1409,Unfinished Business,2014,35000000,13214051,-21785949,Comedy,R,0.0,Contemporary Fiction,Original Screenplay
1413,A Million Ways to Die in The West,2014,40000000,86778557,46778557,Comedy,R,0.0,Historical Fiction,Original Screenplay
1415,The Other Woman,2014,40000000,195111193,155111193,Comedy,PG-13,0.0,Contemporary Fiction,Original Screenplay
1417,Dumb and Dumber To,2014,40000000,156553592,116553592,Comedy,PG-13,1.0,Contemporary Fiction,Original Screenplay
1418,Sex Tape,2014,40000000,126069509,86069509,Comedy,R,0.0,Contemporary Fiction,Original Screenplay
1420,Horrible Bosses 2,2014,40000000,105945357,65945357,Comedy,R,1.0,Contemporary Fiction,Original Screenplay
1421,The Interview,2014,44000000,12342632,-31657368,Comedy,R,0.0,Contemporary Fiction,Original Screenplay
1426,22 Jump Street,2014,50000000,331333876,281333876,Comedy,R,1.0,Contemporary Fiction,Based on TV
1437,Spy!,2014,65000000,232585748,167585748,Comedy,R,0.0,Contemporary Fiction,Original Screenplay
1439,Ted 2,2014,68000000,217214143,149214143,Comedy,R,1.0,Fantasy,Original Screenplay
1483,The Second Best Exotic Marigold Hotel,2015,10000000,90384306,80384306,Comedy,PG,0.0,Contemporary Fiction,Original Screenplay
1485,Everybody Wants Some,2015,10000000,5437126,-4562874,Comedy,R,0.0,Historical Fiction,Original Screenplay
1488,Dirty Grandpa,2015,11500000,105078449,93578449,Comedy,R,0.0,Contemporary Fiction,Original Screenplay
1504,Magic Mike XXL,2015,14500000,123660597,109160597,Comedy,R,1.0,Contemporary Fiction,Original Screenplay
1506,Scouts Guide to the Zombie Apocalypse,2015,15000000,15554855,554855,Comedy,R,0.0,Fantasy,Original Screenplay
1515,Love the Coopers,2015,18000000,42227490,24227490,Comedy,PG-13,0.0,Contemporary Fiction,Original Screenplay
1519,My Big Fat Greek Wedding 2,2015,18000000,92096558,74096558,Comedy,PG-13,1.0,Contemporary Fiction,Original Screenplay
1521,Barbershop: The Next Cut,2015,20000000,54404202,34404202,Comedy,PG-13,0.0,Contemporary Fiction,Original Screenplay
1535,"Hail, Caesar!",2015,22000000,64160680,42160680,Comedy,PG-13,0.0,Historical Fiction,Original Screenplay
1539,The Night Before,2015,25000000,52427346,27427346,Comedy,R,0.0,Contemporary Fiction,Original Screenplay
1547,The Boss,2015,29000000,78652207,49652207,Comedy,R,0.0,Contemporary Fiction,Original Screenplay
1552,Entourage,2015,30000000,46438538,16438538,Comedy,R,0.0,Contemporary Fiction,Based on TV
1553,Sisters,2015,30000000,106030660,76030660,Comedy,R,0.0,Contemporary Fiction,Original Screenplay
1556,Vacation,2015,31000000,102306500,71306500,Comedy,R,1.0,Contemporary Fiction,Original Screenplay
1560,The Brothers Grimsby,2015,35000000,28720470,-6279530,Comedy,R,0.0,Contemporary Fiction,Original Screenplay
1561,Hot Pursuit,2015,35000000,45671512,10671512,Comedy,PG-13,0.0,Contemporary Fiction,Original Screenplay
1563,Trainwreck,2015,35000000,141123897,106123897,Comedy,R,0.0,Contemporary Fiction,Original Screenplay
1575,Get Hard,2015,40000000,106511453,66511453,Comedy,R,0.0,Contemporary Fiction,Original Screenplay
1579,The Intern,2015,40000000,197115710,157115710,Comedy,PG-13,0.0,Contemporary Fiction,Original Screenplay
1585,War Dogs,2015,50000000,86234503,36234503,Comedy,R,0.0,Dramatization,Based on Factual Book/Article
1586,Zoolander 2,2015,50000000,55348693,5348693,Comedy,PG-13,1.0,Contemporary Fiction,Original Screenplay
1591,Daddy’s Home,2015,50000000,242757137,192757137,Comedy,PG-13,0.0,Contemporary Fiction,Original Screenplay
1652,How to Be a Latin Lover,2016,10000000,62556228,52556228,Comedy,PG-13,0.0,Contemporary Fiction,Original Screenplay
1660,Keanu,2016,15000000,20688141,5688141,Comedy,R,0.0,Contemporary Fiction,Original Screenplay
1668,Sausage Party,2016,19000000,141344255,122344255,Comedy,R,0.0,Fantasy,Original Screenplay
1673,Bad Moms,2016,20000000,180998716,160998716,Comedy,R,0.0,Contemporary Fiction,Original Screenplay
1676,Tyler Perry’s Boo! A Madea Halloween,2016,20000000,73206343,53206343,Comedy,PG-13,0.0,Contemporary Fiction,Based on Play
1679,Popstar: Never Stop Never Stopping,2016,20000000,9537120,-10462880,Comedy,R,0.0,Contemporary Fiction,Based on Web Series
1682,Going in Style,2016,24000000,78672579,54672579,Comedy,PG-13,0.0,Contemporary Fiction,Remake
1687,Fist Fight,2016,25000000,40286416,15286416,Comedy,R,0.0,Contemporary Fiction,Original Screenplay
1688,Father Figures,2016,25000000,21038441,-3961559,Comedy,R,0.0,Contemporary Fiction,Original Screenplay
1700,Mike and Dave Need Wedding Dates,2016,33000000,75898100,42898100,Comedy,R,0.0,Contemporary Fiction,Original Screenplay
1701,Whiskey Tango Foxtrot,2016,35000000,25350747,-9649253,Comedy,R,0.0,Dramatization,Based on Factual Book/Article
1703,Neighbors 2: Sorority Rising,2016,35000000,108757621,73757621,Comedy,R,1.0,Contemporary Fiction,Original Screenplay
1705,Why Him?,2016,38000000,117425156,79425156,Comedy,R,0.0,Contemporary Fiction,Original Screenplay
1710,The House,2016,40000000,31192425,-8807575,Comedy,R,0.0,Contemporary Fiction,Original Screenplay
1712,Ride Along 2,2016,40000000,124827316,84827316,Comedy,PG-13,1.0,Contemporary Fiction,Original Screenplay
1719,Office Christmas Party,2016,45000000,91323299,46323299,Comedy,R,0.0,Contemporary Fiction,Based on Fiction Book/Short Story
1723,Central Intelligence,2016,50000000,217194805,167194805,Comedy,PG-13,0.0,Contemporary Fiction,Original Screenplay
1760,Ghostbusters,2016,144000000,229008658,85008658,Comedy,PG-13,1.0,Science Fiction,Remake
1784,Book Club,2017,10000000,89692583,79692583,Comedy,PG-13,0.0,Contemporary Fiction,Original Screenplay
1787,Fighting With My Family,2017,11000000,18924521,7924521,Comedy,PG-13,0.0,Dramatization,Based on Real Life Events
1796,Action Point,2017,19000000,5103675,-13896325,Comedy,R,0.0,Contemporary Fiction,Original Screenplay
1799,Tyler Perry’s Boo 2! A Madea Halloween,2017,20000000,47879572,27879572,Comedy,PG-13,1.0,Contemporary Fiction,Original Screenplay
1806,Blockers,2017,21000000,94045328,73045328,Comedy,R,0.0,Contemporary Fiction,Original Screenplay
1807,Just Getting Started,2017,22000000,6756412,-15243588,Comedy,PG-13,0.0,Contemporary Fiction,Original Screenplay
1813,Tag,2017,28000000,77026186,49026186,Comedy,R,0.0,Contemporary Fiction,Based on Factual Book/Article
1814,A Bad Moms Christmas,2017,28000000,127710550,99710550,Comedy,R,1.0,Contemporary Fiction,Original Screenplay
1815,Girls Trip,2017,28000000,140886353,112886353,Comedy,R,0.0,Contemporary Fiction,Original Screenplay
1816,Logan Lucky,2017,29000000,44264271,15264271,Comedy,PG-13,0.0,Contemporary Fiction,Original Screenplay
1817,Night School,2017,29000000,103008792,74008792,Comedy,PG-13,0.0,Contemporary Fiction,Original Screenplay
1820,Life of the Party,2017,30000000,65759911,35759911,Comedy,PG-13,0.0,Contemporary Fiction,Original Screenplay
1830,I Feel Pretty,2017,32000000,91553797,59553797,Comedy,PG-13,0.0,Contemporary Fiction,Original Screenplay
1839,Game Night,2017,37000000,117378084,80378084,Comedy,R,0.0,Contemporary Fiction,Original Screenplay
1840,The Upside,2017,37500000,114186274,76686274,Comedy,PG-13,0.0,Dramatization,Based on Movie
1846,Snatched,2017,42000000,57852177,15852177,Comedy,R,0.0,Contemporary Fiction,Original Screenplay
1848,Pitch Perfect 3,2017,45000000,185736412,140736412,Comedy,PG-13,1.0,Contemporary Fiction,Based on Factual Book/Article
1859,Baywatch,2017,60000000,175863783,115863783,Comedy,R,0.0,Contemporary Fiction,Based on TV
1862,Downsizing,2017,68000000,48692519,-19307481,Comedy,R,0.0,Science Fiction,Original Screenplay
1865,Daddy’s Home 2,2017,70000000,175807183,105807183,Comedy,PG-13,1.0,Contemporary Fiction,Original Screenplay
1900,Second Act,2018,15700000,63367847,47667847,Comedy,PG-13,0.0,Contemporary Fiction,Original Screenplay
1902,What Men Want,2018,20000000,56884479,36884479,Comedy,R,0.0,Contemporary Fiction,Based on Movie
1906,Green Book,2018,28900000,189340324,160440324,Comedy,PG-13,0.0,Dramatization,Based on Real Life Events
1913,Holmes & Watson,2018,42000000,41916666,-83334,Comedy,PG-13,0.0,Historical Fiction,Based on Fiction Book/Short Story
1914,Instant Family,2018,48000000,114491088,66491088,Comedy,PG-13,0.0,Contemporary Fiction,Original Screenplay
6,Edmond,2006,10000000,241719,-9758281,Black Comedy,R,0.0,Contemporary Fiction,Based on Play
37,American Dreamz,2006,17000000,16510971,-489029,Black Comedy,PG-13,0.0,Contemporary Fiction,Original Screenplay
323,"War, Inc.",2008,10000000,1299855,-8700145,Black Comedy,R,0.0,Contemporary Fiction,Original Screenplay
428,Burn After Reading,2008,37000000,168167798,131167798,Black Comedy,R,0.0,Contemporary Fiction,Original Screenplay
506,World's Greatest Dad,2009,10000000,295750,-9704250,Black Comedy,R,0.0,Contemporary Fiction,Original Screenplay
566,The Brothers Bloom,2009,20000000,5531756,-14468244,Black Comedy,PG-13,0.0,Contemporary Fiction,Original Screenplay
577,The Men Who Stare at Goats,2009,24000000,67348218,43348218,Black Comedy,R,0.0,Contemporary Fiction,Based on Fiction Book/Short Story
789,August: Osage County,2010,25000000,50738810,25738810,Black Comedy,R,0.0,Contemporary Fiction,Based on Play
794,Kick-Ass,2010,28000000,97531134,69531134,Black Comedy,R,0.0,Contemporary Fiction,Based on Comic/Graphic Novel
928,Killer Joe,2011,10000000,4659110,-5340890,Black Comedy,R,0.0,Contemporary Fiction,Based on Play
1072,The Wolf of Wall Street,2011,100000000,389870414,289870414,Black Comedy,R,0.0,Dramatization,Based on Factual Book/Article
1093,Dark Shadows,2011,150000000,238202668,88202668,Black Comedy,PG-13,0.0,Fantasy,Based on TV
1269,The Family,2013,30000000,51078541,21078541,Black Comedy,R,0.0,Contemporary Fiction,Based on Fiction Book/Short Story
1288,American Hustle,2013,40000000,257878294,217878294,Black Comedy,R,0.0,Dramatization,Based on Real Life Events
1373,Birdman or (The Unexpected Virtue of Ignorance),2014,18000000,103215094,85215094,Black Comedy,R,0.0,Fantasy,Original Screenplay
1505,Krampus,2015,15000000,61788393,46788393,Black Comedy,PG-13,0.0,Fantasy,Original Screenplay
1545,Pride and Prejudice and Zombies,2015,28000000,16638300,-11361700,Black Comedy,PG-13,0.0,Science Fiction,Based on Fiction Book/Short Story
1546,American Ultra,2015,28000000,30295028,2295028,Black Comedy,R,0.0,Contemporary Fiction,Original Screenplay
1558,Freaks of Nature,2015,33000000,70958,-32929042,Black Comedy,R,0.0,Fantasy,Original Screenplay
1584,The Nice Guys,2015,50000000,59596747,9596747,Black Comedy,R,0.0,Historical Fiction,Original Screenplay
1674,Rough Night,2016,20000000,46844357,26844357,Black Comedy,R,0.0,Contemporary Fiction,Original Screenplay
1786,"I, Tonya",2017,11000000,53797409,42797409,Black Comedy,R,0.0,Dramatization,Based on Real Life Events
1788,"Three Billboards Outside Ebbing, Missouri",2017,12000000,160191915,148191915,Black Comedy,R,0.0,Contemporary Fiction,Original Screenplay
1919,Vice,2018,60000000,66671618,6671618,Black Comedy,R,0.0,Dramatization,Based on Real Life Events
65,She's the Man,2006,25000000,55279608,30279608,Romantic Comedy,PG-13,0.0,Contemporary Fiction,Based on Play
70,Just My Luck,2006,28000000,38159905,10159905,Romantic Comedy,PG-13,0.0,Contemporary Fiction,Original Screenplay
99,Music and Lyrics,2006,40000000,146196885,106196885,Romantic Comedy,PG-13,0.0,Contemporary Fiction,Original Screenplay
107,Failure to Launch,2006,50000000,128402901,78402901,Romantic Comedy,PG-13,0.0,Contemporary Fiction,Original Screenplay
114,The Break-Up,2006,52000000,205727307,153727307,Romantic Comedy,PG-13,0.0,Contemporary Fiction,Original Screenplay
143,The Holiday,2006,85000000,205190324,120190324,Romantic Comedy,PG-13,0.0,Contemporary Fiction,Original Screenplay
182,I Think I Love My Wife,2007,14000000,13205411,-794589,Romantic Comedy,R,0.0,Contemporary Fiction,Remake
188,Why Did I Get Married?,2007,15000000,55934178,40934178,Romantic Comedy,PG-13,0.0,Contemporary Fiction,Based on Play
195,The Good Night,2007,15000000,22441,-14977559,Romantic Comedy,R,0.0,Contemporary Fiction,Original Screenplay
201,Becoming Jane,2007,16500000,39380876,22880876,Romantic Comedy,PG,0.0,Dramatization,Based on Real Life Events
233,Good Luck Chuck,2007,25000000,59183821,34183821,Romantic Comedy,R,0.0,Contemporary Fiction,Original Screenplay
241,Knocked Up,2007,27500000,219265952,191765952,Romantic Comedy,R,0.0,Contemporary Fiction,Original Screenplay
245,No Reservations,2007,28000000,91943956,63943956,Romantic Comedy,PG,0.0,Contemporary Fiction,Remake
247,P.S. I Love You,2007,30000000,155769678,125769678,Romantic Comedy,PG-13,0.0,Contemporary Fiction,Based on Fiction Book/Short Story
259,License to Wed,2007,35000000,70187088,35187088,Romantic Comedy,PG,0.0,Contemporary Fiction,Original Screenplay
294,Enchanted,2007,85000000,340384141,255384141,Romantic Comedy,PG,0.0,Fantasy,Original Screenplay
363,Ghost Town,2008,20000000,29958228,9958228,Romantic Comedy,PG-13,0.0,Fantasy,Original Screenplay
414,27 Dresses,2008,30000000,160247805,130247805,Romantic Comedy,PG-13,0.0,Contemporary Fiction,Original Screenplay
420,What Happens in Vegas...,2008,35000000,218535708,183535708,Romantic Comedy,PG-13,0.0,Contemporary Fiction,Original Screenplay
435,Made of Honor,2008,40000000,106548738,66548738,Romantic Comedy,PG-13,0.0,Contemporary Fiction,Original Screenplay
456,Leatherheads,2008,58000000,41348628,-16651372,Romantic Comedy,PG-13,0.0,Historical Fiction,Original Screenplay
503,The Good Guy,2009,10000000,106460,-9893540,Romantic Comedy,R,0.0,Contemporary Fiction,Original Screenplay
512,Just Wright,2009,12000000,21867665,9867665,Romantic Comedy,PG,0.0,Contemporary Fiction,Original Screenplay
528,Easy Virtue,2009,14000000,20537741,6537741,Romantic Comedy,PG-13,0.0,Historical Fiction,Based on Play
530,Post Grad,2009,15000000,6563402,-8436598,Romantic Comedy,PG-13,0.0,Contemporary Fiction,Original Screenplay
535,All About Steve,2009,15000000,40127259,25127259,Romantic Comedy,PG-13,0.0,Contemporary Fiction,Original Screenplay
536,Whatever Works,2009,15000000,35106706,20106706,Romantic Comedy,PG-13,0.0,Contemporary Fiction,Original Screenplay
542,My Life in Ruins,2009,17000000,20477425,3477425,Romantic Comedy,PG-13,0.0,Contemporary Fiction,Original Screenplay
555,Leap Year,2009,19000000,32618920,13618920,Romantic Comedy,PG,0.0,Contemporary Fiction,Original Screenplay
608,The Back-up Plan,2009,35000000,75281179,40281179,Romantic Comedy,PG-13,0.0,Contemporary Fiction,Original Screenplay
616,The Ugly Truth,2009,38000000,205298907,167298907,Romantic Comedy,R,0.0,Contemporary Fiction,Original Screenplay
620,The Proposal,2009,40000000,314709717,274709717,Romantic Comedy,PG-13,0.0,Contemporary Fiction,Original Screenplay
621,He's Just Not That Into You,2009,40000000,181053657,141053657,Romantic Comedy,PG-13,0.0,Contemporary Fiction,Based on Fiction Book/Short Story
645,Valentine's Day,2009,52000000,217569328,165569328,Romantic Comedy,PG-13,0.0,Contemporary Fiction,Original Screenplay
650,Did You Hear About the Morgans?,2009,58000000,80480566,22480566,Romantic Comedy,PG-13,0.0,Contemporary Fiction,Original Screenplay
670,It’s Complicated,2009,85000000,224614744,139614744,Romantic Comedy,R,0.0,Contemporary Fiction,Original Screenplay
710,Housefull,2010,10100000,18726300,8626300,Romantic Comedy,Not Rated,0.0,Contemporary Fiction,Original Screenplay
718,A Little Bit of Heaven,2010,12500000,1100287,-11399713,Romantic Comedy,PG-13,0.0,Contemporary Fiction,Original Screenplay
726,Flipped,2010,14000000,4289993,-9710007,Romantic Comedy,PG,0.0,Historical Fiction,Based on Fiction Book/Short Story
750,The Switch,2010,19000000,49858465,30858465,Romantic Comedy,PG-13,0.0,Contemporary Fiction,Original Screenplay
754,Monte Carlo,2010,20000000,39686769,19686769,Romantic Comedy,PG,0.0,Contemporary Fiction,Based on Fiction Book/Short Story
767,She's Out of My League,2010,20000000,48680977,28680977,Romantic Comedy,R,0.0,Contemporary Fiction,Original Screenplay
769,What's Your Number?,2010,20000000,30163785,10163785,Romantic Comedy,R,0.0,Contemporary Fiction,Original Screenplay
787,No Strings Attached,2010,25000000,149228078,124228078,Romantic Comedy,R,0.0,Contemporary Fiction,Original Screenplay
795,Larry Crowne,2010,30000000,61449135,31449135,Romantic Comedy,PG-13,0.0,Contemporary Fiction,Original Screenplay
802,Midnight in Paris,2010,30000000,162502774,132502774,Romantic Comedy,PG-13,0.0,Fantasy,Original Screenplay
809,Going the Distance,2010,32000000,43603990,11603990,Romantic Comedy,R,0.0,Contemporary Fiction,Original Screenplay
817,Something Borrowed,2010,35000000,65084116,30084116,Romantic Comedy,PG-13,0.0,Contemporary Fiction,Based on Fiction Book/Short Story
829,Life as We Know It,2010,38000000,105887837,67887837,Romantic Comedy,PG-13,0.0,Contemporary Fiction,Original Screenplay
846,The Bounty Hunter,2010,45000000,135808837,90808837,Romantic Comedy,PG-13,0.0,Contemporary Fiction,Original Screenplay
859,Upside Down,2010,50000000,26387039,-23612961,Romantic Comedy,PG-13,0.0,Science Fiction,Original Screenplay
883,Just Go With It,2010,80000000,214974953,134974953,Romantic Comedy,PG-13,0.0,Contemporary Fiction,Original Screenplay
887,Zookeeper,2010,80000000,170805525,90805525,Romantic Comedy,PG,0.0,Fantasy,Original Screenplay
906,How Do You Know?,2010,120000000,49628177,-70371823,Romantic Comedy,R,0.0,Contemporary Fiction,Original Screenplay
959,Vamps,2011,16000000,94812,-15905188,Romantic Comedy,PG-13,0.0,Contemporary Fiction,Original Screenplay
984,New Year’s Eve,2011,26000000,146850273,120850273,Romantic Comedy,PG-13,0.0,Contemporary Fiction,Original Screenplay
996,Hope Springs,2011,30000000,133085295,103085295,Romantic Comedy,PG-13,0.0,Contemporary Fiction,Original Screenplay
998,The Five-Year Engagement,2011,30000000,61623819,31623819,Romantic Comedy,R,0.0,Contemporary Fiction,Original Screenplay
1000,The Big Wedding,2011,32500000,48425971,15925971,Romantic Comedy,R,0.0,Contemporary Fiction,Remake
1008,Friends with Benefits,2011,35000000,146595891,111595891,Romantic Comedy,R,0.0,Contemporary Fiction,Original Screenplay
1045,This Means War,2011,65000000,156974557,91974557,Romantic Comedy,PG-13,0.0,Contemporary Fiction,Original Screenplay
1118,Peeples,2012,11000000,9307166,-1692834,Romantic Comedy,PG-13,0.0,Contemporary Fiction,Original Screenplay
1119,Think Like a Man,2012,12000000,113373764,101373764,Romantic Comedy,PG-13,0.0,Contemporary Fiction,Based on Factual Book/Article
1123,Admission,2012,13000000,18733666,5733666,Romantic Comedy,PG-13,0.0,Contemporary Fiction,Original Screenplay
1143,To Rome with Love,2012,21500000,74326015,52826015,Romantic Comedy,R,0.0,Contemporary Fiction,Original Screenplay
1152,Warm Bodies,2012,30000000,115121608,85121608,Romantic Comedy,PG-13,0.0,Fantasy,Based on Fiction Book/Short Story
1160,What to Expect When You're Expecting,2012,37500000,88473016,50973016,Romantic Comedy,PG-13,0.0,Contemporary Fiction,Based on Factual Book/Article
1220,About Time,2013,12000000,89309178,77309178,Romantic Comedy,R,0.0,Science Fiction,Original Screenplay
1352,About Last Night,2014,13000000,50445860,37445860,Romantic Comedy,R,0.0,Contemporary Fiction,Based on Play
1383,The Hundred-Foot Journey,2014,22000000,94270488,72270488,Romantic Comedy,PG,0.0,Contemporary Fiction,Based on Fiction Book/Short Story
1386,Think Like a Man Too,2014,24000000,70027933,46027933,Romantic Comedy,PG-13,1.0,Contemporary Fiction,Based on Factual Book/Article
1422,Blended,2014,45000000,127990741,82990741,Romantic Comedy,PG-13,0.0,Contemporary Fiction,Original Screenplay
1571,How to be Single,2015,37000000,100003780,63003780,Romantic Comedy,R,0.0,Contemporary Fiction,Based on Fiction Book/Short Story
1606,Focus,2015,65000000,168065700,103065700,Romantic Comedy,PG-13,0.0,Contemporary Fiction,Original Screenplay
1662,Home Again,2016,15000000,37336874,22336874,Romantic Comedy,PG-13,0.0,Contemporary Fiction,Original Screenplay
1689,Mother’s Day,2016,25000000,52367022,27367022,Romantic Comedy,PG-13,0.0,Contemporary Fiction,Original Screenplay
1691,Rules Don’t Apply,2016,26700000,3871448,-22828552,Romantic Comedy,PG-13,0.0,Historical Fiction,Based on Fiction Book/Short Story
1702,Bridget Jones’s Baby,2016,35000000,205822688,170822688,Romantic Comedy,R,1.0,Contemporary Fiction,Based on Fiction Book/Short Story
1731,Mei Ren Yu,2016,60720000,554516671,493796671,Romantic Comedy,R,0.0,Science Fiction,Original Screenplay
1790,Overboard,2017,12000000,85369830,73369830,Romantic Comedy,PG-13,0.0,Contemporary Fiction,Remake
1907,Crazy Rich Asians,2018,30000000,238099711,208099711,Romantic Comedy,PG-13,0.0,Contemporary Fiction,Based on Fiction Book/Short Story
1908,Isn’t it Romantic,2018,31000000,41435501,10435501,Romantic Comedy,PG-13,0.0,Contemporary Fiction,Original Screenplay
